my_util	opp_util1	opp_util2	social	nash	agreement	step	style	opponent1_id	opponent2_id	opponent1_source	opponent2_source	negotiation_score	seed
0.8428571428571429	0.98	0.736904761904762	2.559761904761905	0.6086833333333334	{'Price': '8 million $', 'IP': 'BI-Tech founders maintain all IP', 'Stocks': 'BI-Tech founders get 2% + jobs at IS', 'EmployeeAgreements': 'salary raise of 15%', 'Legal Liability': 'IS liable for all activities'}	64	neutral	scripted-Boulware	scripted-Atlas3	scripted	scripted	48.176934285281945	0
0.7978571428571428	1.0	0.7154761904761904	2.513333333333333	0.5708477891156462	{'Price': '8 million $', 'IP': 'BI-Tech founders maintain all IP', 'Stocks': 'BI-Tech founders get 5% + jobs ', 'EmployeeAgreements': 'salary raise of 15%', 'Legal Liability': 'IS liable for all activities'}	46	neutral	scripted-Boulware	scripted-Atlas3	scripted	scripted	39.189788127482124	1
0.7978571428571428	1.0	0.7154761904761904	2.513333333333333	0.5708477891156462	{'Price': '8 million $', 'IP': 'BI-Tech founders maintain all IP', 'Stocks': 'BI-Tech founders get 5% + jobs ', 'EmployeeAgreements': 'salary raise of 15%', 'Legal Liability': 'IS liable for all activities'}	49	neutral	scripted-Boulware	scripted-Atlas3	scripted	scripted	39.174788127482124	2
0.8428571428571429	0.98	0.736904761904762	2.559761904761905	0.6086833333333334	{'Price': '8 million $', 'IP': 'BI-Tech founders maintain all IP', 'Stocks': 'BI-Tech founders get 2% + jobs at IS', 'EmployeeAgreements': 'salary raise of 15%', 'Legal Liability': 'IS liable for all activities'}	64	neutral	scripted-Boulware	scripted-Atlas3	scripted	scripted	48.176934285281945	3
0.8578571428571429	0.8766666666666666	0.7571428571428571	2.4916666666666667	0.5694128911564625	{'Price': '5 million $', 'IP': 'BI-Tech founders maintain all IP', 'Stocks': 'BI-Tech founders get 5% + jobs ', 'EmployeeAgreements': 'same conditions', 'Legal Liability': 'past activities remains with Bi-Tech'}	76	neutral	scripted-Boulware	scripted-Atlas3	scripted	scripted	51.585401331519165	4
0.7978571428571428	1.0	0.7154761904761904	2.513333333333333	0.5708477891156462	{'Price': '8 million $', 'IP': 'BI-Tech founders maintain all IP', 'Stocks': 'BI-Tech founders get 5% + jobs ', 'EmployeeAgreements': 'salary raise of 15%', 'Legal Liability': 'IS liable for all activities'}	46	neutral	scripted-Boulware	scripted-Atlas3	scripted	scripted	39.189788127482124	5
0.7978571428571428	1.0	0.7154761904761904	2.513333333333333	0.5708477891156462	{'Price': '8 million $', 'IP': 'BI-Tech founders maintain all IP', 'Stocks': 'BI-Tech founders get 5% + jobs ', 'EmployeeAgreements': 'salary raise of 15%', 'Legal Liability': 'IS liable for all activities'}	46	neutral	scripted-Boulware	scripted-Atlas3	scripted	scripted	39.189788127482124	6
0.6478571428571428	0.988	0.7654761904761904	2.401333333333333	0.48996818707482986	{'Price': '8 million $', 'IP': 'IS receives the patents, industrial design rights and trade secrets', 'Stocks': 'BI-Tech founders get 5% + jobs ', 'EmployeeAgreements': 'salary raise of 15%', 'Legal Liability': 'IS liable for all activities'}	61	neutral	scripted-Boulware	scripted-Atlas3	scripted	scripted	19.451694561785956	7
0.7978571428571428	1.0	0.7154761904761904	2.513333333333333	0.5708477891156462	{'Price': '8 million $', 'IP': 'BI-Tech founders maintain all IP', 'Stocks': 'BI-Tech founders get 5% + jobs ', 'EmployeeAgreements': 'salary raise of 15%', 'Legal Liability': 'IS liable for all activities'}	52	neutral	scripted-Boulware	scripted-Atlas3	scripted	scripted	39.15978812748212	8
0.6478571428571428	0.988	0.7654761904761904	2.401333333333333	0.48996818707482986	{'Price': '8 million $', 'IP': 'IS receives the patents, industrial design rights and trade secrets', 'Stocks': 'BI-Tech founders get 5% + jobs ', 'EmployeeAgreements': 'salary raise of 15%', 'Legal Liability': 'IS liable for all activities'}	61	neutral	scripted-Boulware	scripted-Atlas3	scripted	scripted	19.451694561785956	9
0.7978571428571428	1.0	0.7154761904761904	2.513333333333333	0.5708477891156462	{'Price': '8 million $', 'IP': 'BI-Tech founders maintain all IP', 'Stocks': 'BI-Tech founders get 5% + jobs ', 'EmployeeAgreements': 'salary raise of 15%', 'Legal Liability': 'IS liable for all activities'}	46	neutral	scripted-Boulware	scripted-Atlas3	scripted	scripted	39.189788127482124	10
0.7978571428571428	1.0	0.7154761904761904	2.513333333333333	0.5708477891156462	{'Price': '8 million $', 'IP': 'BI-Tech founders maintain all IP', 'Stocks': 'BI-Tech founders get 5% + jobs ', 'EmployeeAgreements': 'salary raise of 15%', 'Legal Liability': 'IS liable for all activities'}	46	neutral	scripted-Boulware	scripted-Atlas3	scripted	scripted	39.189788127482124	11
0.7978571428571428	1.0	0.7154761904761904	2.513333333333333	0.5708477891156462	{'Price': '8 million $', 'IP': 'BI-Tech founders maintain all IP', 'Stocks': 'BI-Tech founders get 5% + jobs ', 'EmployeeAgreements': 'salary raise of 15%', 'Legal Liability': 'IS liable for all activities'}	46	neutral	scripted-Boulware	scripted-Atlas3	scripted	scripted	39.189788127482124	12
0.7978571428571428	1.0	0.7154761904761904	2.513333333333333	0.5708477891156462	{'Price': '8 million $', 'IP': 'BI-Tech founders maintain all IP', 'Stocks': 'BI-Tech founders get 5% + jobs ', 'EmployeeAgreements': 'salary raise of 15%', 'Legal Liability': 'IS liable for all activities'}	46	neutral	scripted-Boulware	scripted-Atlas3	scripted	scripted	39.189788127482124	13
0.7978571428571428	1.0	0.7154761904761904	2.513333333333333	0.5708477891156462	{'Price': '8 million $', 'IP': 'BI-Tech founders maintain all IP', 'Stocks': 'BI-Tech founders get 5% + jobs ', 'EmployeeAgreements': 'salary raise of 15%', 'Legal Liability': 'IS liable for all activities'}	49	neutral	scripted-Boulware	scripted-Atlas3	scripted	scripted	39.174788127482124	14
0.7978571428571428	1.0	0.7154761904761904	2.513333333333333	0.5708477891156462	{'Price': '8 million $', 'IP': 'BI-Tech founders maintain all IP', 'Stocks': 'BI-Tech founders get 5% + jobs ', 'EmployeeAgreements': 'salary raise of 15%', 'Legal Liability': 'IS liable for all activities'}	49	neutral	scripted-Boulware	scripted-Atlas3	scripted	scripted	39.174788127482124	15
0.6478571428571428	0.988	0.7654761904761904	2.401333333333333	0.48996818707482986	{'Price': '8 million $', 'IP': 'IS receives the patents, industrial design rights and trade secrets', 'Stocks': 'BI-Tech founders get 5% + jobs ', 'EmployeeAgreements': 'salary raise of 15%', 'Legal Liability': 'IS liable for all activities'}	61	neutral	scripted-Boulware	scripted-Atlas3	scripted	scripted	19.451694561785956	16
0.7978571428571428	1.0	0.7154761904761904	2.513333333333333	0.5708477891156462	{'Price': '8 million $', 'IP': 'BI-Tech founders maintain all IP', 'Stocks': 'BI-Tech founders get 5% + jobs ', 'EmployeeAgreements': 'salary raise of 15%', 'Legal Liability': 'IS liable for all activities'}	46	neutral	scripted-Boulware	scripted-Atlas3	scripted	scripted	39.189788127482124	17
0.7978571428571428	1.0	0.7154761904761904	2.513333333333333	0.5708477891156462	{'Price': '8 million $', 'IP': 'BI-Tech founders maintain all IP', 'Stocks': 'BI-Tech founders get 5% + jobs ', 'EmployeeAgreements': 'salary raise of 15%', 'Legal Liability': 'IS liable for all activities'}	46	neutral	scripted-Boulware	scripted-Atlas3	scripted	scripted	39.189788127482124	18
0.7978571428571428	1.0	0.7154761904761904	2.513333333333333	0.5708477891156462	{'Price': '8 million $', 'IP': 'BI-Tech founders maintain all IP', 'Stocks': 'BI-Tech founders get 5% + jobs ', 'EmployeeAgreements': 'salary raise of 15%', 'Legal Liability': 'IS liable for all activities'}	46	neutral	scripted-Boulware	scripted-Atlas3	scripted	scripted	39.189788127482124	19
0.6478571428571428	0.988	0.7654761904761904	2.401333333333333	0.48996818707482986	{'Price': '8 million $', 'IP': 'IS receives the patents, industrial design rights and trade secrets', 'Stocks': 'BI-Tech founders get 5% + jobs ', 'EmployeeAgreements': 'salary raise of 15%', 'Legal Liability': 'IS liable for all activities'}	61	neutral	scripted-Boulware	scripted-Atlas3	scripted	scripted	19.451694561785956	20
0.7978571428571428	1.0	0.7154761904761904	2.513333333333333	0.5708477891156462	{'Price': '8 million $', 'IP': 'BI-Tech founders maintain all IP', 'Stocks': 'BI-Tech founders get 5% + jobs ', 'EmployeeAgreements': 'salary raise of 15%', 'Legal Liability': 'IS liable for all activities'}	52	neutral	scripted-Boulware	scripted-Atlas3	scripted	scripted	39.15978812748212	21
0.7528571428571429	0.9199999999999999	0.7583333333333333	2.4311904761904763	0.5252433333333333	{'Price': '8 million $', 'IP': 'BI-Tech founders maintain all IP', 'Stocks': 'BI-Tech founders get 5%', 'EmployeeAgreements': 'salary raise of 15%', 'Legal Liability': 'IS liable for all activities'}	73	neutral	scripted-Boulware	scripted-Atlas3	scripted	scripted	31.676606730740733	22
0.8428571428571429	0.98	0.736904761904762	2.559761904761905	0.6086833333333334	{'Price': '8 million $', 'IP': 'BI-Tech founders maintain all IP', 'Stocks': 'BI-Tech founders get 2% + jobs at IS', 'EmployeeAgreements': 'salary raise of 15%', 'Legal Liability': 'IS liable for all activities'}	64	neutral	scripted-Boulware	scripted-Atlas3	scripted	scripted	48.176934285281945	23
0.6478571428571428	0.988	0.7654761904761904	2.401333333333333	0.48996818707482986	{'Price': '8 million $', 'IP': 'IS receives the patents, industrial design rights and trade secrets', 'Stocks': 'BI-Tech founders get 5% + jobs ', 'EmployeeAgreements': 'salary raise of 15%', 'Legal Liability': 'IS liable for all activities'}	61	neutral	scripted-Boulware	scripted-Atlas3	scripted	scripted	19.451694561785956	24
0.6928571428571428	0.968	0.7869047619047618	2.4477619047619044	0.527765782312925	{'Price': '8 million $', 'IP': 'IS receives the patents, industrial design rights and trade secrets', 'Stocks': 'BI-Tech founders get 2% + jobs at IS', 'EmployeeAgreements': 'salary raise of 15%', 'Legal Liability': 'IS liable for all activities'}	67	neutral	scripted-Boulware	scripted-Atlas3	scripted	scripted	23.971044333844073	25
0.7978571428571428	1.0	0.7154761904761904	2.513333333333333	0.5708477891156462	{'Price': '8 million $', 'IP': 'BI-Tech founders maintain all IP', 'Stocks': 'BI-Tech founders get 5% + jobs ', 'EmployeeAgreements': 'salary raise of 15%', 'Legal Liability': 'IS liable for all activities'}	49	neutral	scripted-Boulware	scripted-Atlas3	scripted	scripted	39.174788127482124	26
0.8428571428571429	0.98	0.736904761904762	2.559761904761905	0.6086833333333334	{'Price': '8 million $', 'IP': 'BI-Tech founders maintain all IP', 'Stocks': 'BI-Tech founders get 2% + jobs at IS', 'EmployeeAgreements': 'salary raise of 15%', 'Legal Liability': 'IS liable for all activities'}	64	neutral	scripted-Boulware	scripted-Atlas3	scripted	scripted	48.176934285281945	27
0.7978571428571428	1.0	0.7154761904761904	2.513333333333333	0.5708477891156462	{'Price': '8 million $', 'IP': 'BI-Tech founders maintain all IP', 'Stocks': 'BI-Tech founders get 5% + jobs ', 'EmployeeAgreements': 'salary raise of 15%', 'Legal Liability': 'IS liable for all activities'}	46	neutral	scripted-Boulware	scripted-Atlas3	scripted	scripted	39.189788127482124	28
0.7528571428571429	0.9199999999999999	0.7583333333333333	2.4311904761904763	0.5252433333333333	{'Price': '8 million $', 'IP': 'BI-Tech founders maintain all IP', 'Stocks': 'BI-Tech founders get 5%', 'EmployeeAgreements': 'salary raise of 15%', 'Legal Liability': 'IS liable for all activities'}	73	neutral	scripted-Boulware	scripted-Atlas3	scripted	scripted	31.676606730740733	29
0.8428571428571429	0.98	0.736904761904762	2.559761904761905	0.6086833333333334	{'Price': '8 million $', 'IP': 'BI-Tech founders maintain all IP', 'Stocks': 'BI-Tech founders get 2% + jobs at IS', 'EmployeeAgreements': 'salary raise of 15%', 'Legal Liability': 'IS liable for all activities'}	64	neutral	scripted-Boulware	scripted-Atlas3	scripted	scripted	48.176934285281945	30
0.7978571428571428	1.0	0.7154761904761904	2.513333333333333	0.5708477891156462	{'Price': '8 million $', 'IP': 'BI-Tech founders maintain all IP', 'Stocks': 'BI-Tech founders get 5% + jobs ', 'EmployeeAgreements': 'salary raise of 15%', 'Legal Liability': 'IS liable for all activities'}	55	neutral	scripted-Boulware	scripted-Atlas3	scripted	scripted	39.14478812748212	31
0.7978571428571428	1.0	0.7154761904761904	2.513333333333333	0.5708477891156462	{'Price': '8 million $', 'IP': 'BI-Tech founders maintain all IP', 'Stocks': 'BI-Tech founders get 5% + jobs ', 'EmployeeAgreements': 'salary raise of 15%', 'Legal Liability': 'IS liable for all activities'}	46	neutral	scripted-Boulware	scripted-Atlas3	scripted	scripted	39.189788127482124	32
0.7978571428571428	1.0	0.7154761904761904	2.513333333333333	0.5708477891156462	{'Price': '8 million $', 'IP': 'BI-Tech founders maintain all IP', 'Stocks': 'BI-Tech founders get 5% + jobs ', 'EmployeeAgreements': 'salary raise of 15%', 'Legal Liability': 'IS liable for all activities'}	46	neutral	scripted-Boulware	scripted-Atlas3	scripted	scripted	39.189788127482124	33
0.7978571428571428	1.0	0.7154761904761904	2.513333333333333	0.5708477891156462	{'Price': '8 million $', 'IP': 'BI-Tech founders maintain all IP', 'Stocks': 'BI-Tech founders get 5% + jobs ', 'EmployeeAgreements': 'salary raise of 15%', 'Legal Liability': 'IS liable for all activities'}	52	neutral	scripted-Boulware	scripted-Atlas3	scripted	scripted	39.15978812748212	34
0.8428571428571429	0.98	0.736904761904762	2.559761904761905	0.6086833333333334	{'Price': '8 million $', 'IP': 'BI-Tech founders maintain all IP', 'Stocks': 'BI-Tech founders get 2% + jobs at IS', 'EmployeeAgreements': 'salary raise of 15%', 'Legal Liability': 'IS liable for all activities'}	64	neutral	scripted-Boulware	scripted-Atlas3	scripted	scripted	48.176934285281945	35
0.6478571428571428	0.988	0.7654761904761904	2.401333333333333	0.48996818707482986	{'Price': '8 million $', 'IP': 'IS receives the patents, industrial design rights and trade secrets', 'Stocks': 'BI-Tech founders get 5% + jobs ', 'EmployeeAgreements': 'salary raise of 15%', 'Legal Liability': 'IS liable for all activities'}	61	neutral	scripted-Boulware	scripted-Atlas3	scripted	scripted	19.451694561785956	36
0.7978571428571428	1.0	0.7154761904761904	2.513333333333333	0.5708477891156462	{'Price': '8 million $', 'IP': 'BI-Tech founders maintain all IP', 'Stocks': 'BI-Tech founders get 5% + jobs ', 'EmployeeAgreements': 'salary raise of 15%', 'Legal Liability': 'IS liable for all activities'}	46	neutral	scripted-Boulware	scripted-Atlas3	scripted	scripted	39.189788127482124	37
0.7978571428571428	1.0	0.7154761904761904	2.513333333333333	0.5708477891156462	{'Price': '8 million $', 'IP': 'BI-Tech founders maintain all IP', 'Stocks': 'BI-Tech founders get 5% + jobs ', 'EmployeeAgreements': 'salary raise of 15%', 'Legal Liability': 'IS liable for all activities'}	49	neutral	scripted-Boulware	scripted-Atlas3	scripted	scripted	39.174788127482124	38
0.6478571428571428	0.988	0.7654761904761904	2.401333333333333	0.48996818707482986	{'Price': '8 million $', 'IP': 'IS receives the patents, industrial design rights and trade secrets', 'Stocks': 'BI-Tech founders get 5% + jobs ', 'EmployeeAgreements': 'salary raise of 15%', 'Legal Liability': 'IS liable for all activities'}	61	neutral	scripted-Boulware	scripted-Atlas3	scripted	scripted	19.451694561785956	39
0.7978571428571428	1.0	0.7154761904761904	2.513333333333333	0.5708477891156462	{'Price': '8 million $', 'IP': 'BI-Tech founders maintain all IP', 'Stocks': 'BI-Tech founders get 5% + jobs ', 'EmployeeAgreements': 'salary raise of 15%', 'Legal Liability': 'IS liable for all activities'}	46	neutral	scripted-Boulware	scripted-Atlas3	scripted	scripted	39.189788127482124	40
0.6478571428571428	0.988	0.7654761904761904	2.401333333333333	0.48996818707482986	{'Price': '8 million $', 'IP': 'IS receives the patents, industrial design rights and trade secrets', 'Stocks': 'BI-Tech founders get 5% + jobs ', 'EmployeeAgreements': 'salary raise of 15%', 'Legal Liability': 'IS liable for all activities'}	61	neutral	scripted-Boulware	scripted-Atlas3	scripted	scripted	19.451694561785956	41
0.6478571428571428	0.988	0.7654761904761904	2.401333333333333	0.48996818707482986	{'Price': '8 million $', 'IP': 'IS receives the patents, industrial design rights and trade secrets', 'Stocks': 'BI-Tech founders get 5% + jobs ', 'EmployeeAgreements': 'salary raise of 15%', 'Legal Liability': 'IS liable for all activities'}	61	neutral	scripted-Boulware	scripted-Atlas3	scripted	scripted	19.451694561785956	42
0.7978571428571428	1.0	0.7154761904761904	2.513333333333333	0.5708477891156462	{'Price': '8 million $', 'IP': 'BI-Tech founders maintain all IP', 'Stocks': 'BI-Tech founders get 5% + jobs ', 'EmployeeAgreements': 'salary raise of 15%', 'Legal Liability': 'IS liable for all activities'}	46	neutral	scripted-Boulware	scripted-Atlas3	scripted	scripted	39.189788127482124	43
0.7978571428571428	1.0	0.7154761904761904	2.513333333333333	0.5708477891156462	{'Price': '8 million $', 'IP': 'BI-Tech founders maintain all IP', 'Stocks': 'BI-Tech founders get 5% + jobs ', 'EmployeeAgreements': 'salary raise of 15%', 'Legal Liability': 'IS liable for all activities'}	46	neutral	scripted-Boulware	scripted-Atlas3	scripted	scripted	39.189788127482124	44
0.7978571428571428	1.0	0.7154761904761904	2.513333333333333	0.5708477891156462	{'Price': '8 million $', 'IP': 'BI-Tech founders maintain all IP', 'Stocks': 'BI-Tech founders get 5% + jobs ', 'EmployeeAgreements': 'salary raise of 15%', 'Legal Liability': 'IS liable for all activities'}	46	neutral	scripted-Boulware	scripted-Atlas3	scripted	scripted	39.189788127482124	45
0.7978571428571428	1.0	0.7154761904761904	2.513333333333333	0.5708477891156462	{'Price': '8 million $', 'IP': 'BI-Tech founders maintain all IP', 'Stocks': 'BI-Tech founders get 5% + jobs ', 'EmployeeAgreements': 'salary raise of 15%', 'Legal Liability': 'IS liable for all activities'}	46	neutral	scripted-Boulware	scripted-Atlas3	scripted	scripted	39.189788127482124	46
0.7978571428571428	1.0	0.7154761904761904	2.513333333333333	0.5708477891156462	{'Price': '8 million $', 'IP': 'BI-Tech founders maintain all IP', 'Stocks': 'BI-Tech founders get 5% + jobs ', 'EmployeeAgreements': 'salary raise of 15%', 'Legal Liability': 'IS liable for all activities'}	55	neutral	scripted-Boulware	scripted-Atlas3	scripted	scripted	39.14478812748212	47
0.6478571428571428	0.988	0.7654761904761904	2.401333333333333	0.48996818707482986	{'Price': '8 million $', 'IP': 'IS receives the patents, industrial design rights and trade secrets', 'Stocks': 'BI-Tech founders get 5% + jobs ', 'EmployeeAgreements': 'salary raise of 15%', 'Legal Liability': 'IS liable for all activities'}	61	neutral	scripted-Boulware	scripted-Atlas3	scripted	scripted	19.451694561785956	48
0.7978571428571428	1.0	0.7154761904761904	2.513333333333333	0.5708477891156462	{'Price': '8 million $', 'IP': 'BI-Tech founders maintain all IP', 'Stocks': 'BI-Tech founders get 5% + jobs ', 'EmployeeAgreements': 'salary raise of 15%', 'Legal Liability': 'IS liable for all activities'}	46	neutral	scripted-Boulware	scripted-Atlas3	scripted	scripted	39.189788127482124	49
0.7978571428571428	1.0	0.7154761904761904	2.513333333333333	0.5708477891156462	{'Price': '8 million $', 'IP': 'BI-Tech founders maintain all IP', 'Stocks': 'BI-Tech founders get 5% + jobs ', 'EmployeeAgreements': 'salary raise of 15%', 'Legal Liability': 'IS liable for all activities'}	49	neutral	scripted-Boulware	scripted-Atlas3	scripted	scripted	39.174788127482124	50
0.7978571428571428	1.0	0.7154761904761904	2.513333333333333	0.5708477891156462	{'Price': '8 million $', 'IP': 'BI-Tech founders maintain all IP', 'Stocks': 'BI-Tech founders get 5% + jobs ', 'EmployeeAgreements': 'salary raise of 15%', 'Legal Liability': 'IS liable for all activities'}	46	neutral	scripted-Boulware	scripted-Atlas3	scripted	scripted	39.189788127482124	51
0.7978571428571428	1.0	0.7154761904761904	2.513333333333333	0.5708477891156462	{'Price': '8 million $', 'IP': 'BI-Tech founders maintain all IP', 'Stocks': 'BI-Tech founders get 5% + jobs ', 'EmployeeAgreements': 'salary raise of 15%', 'Legal Liability': 'IS liable for all activities'}	49	neutral	scripted-Boulware	scripted-Atlas3	scripted	scripted	39.174788127482124	52
0.7978571428571428	1.0	0.7154761904761904	2.513333333333333	0.5708477891156462	{'Price': '8 million $', 'IP': 'BI-Tech founders maintain all IP', 'Stocks': 'BI-Tech founders get 5% + jobs ', 'EmployeeAgreements': 'salary raise of 15%', 'Legal Liability': 'IS liable for all activities'}	46	neutral	scripted-Boulware	scripted-Atlas3	scripted	scripted	39.189788127482124	53
0.7978571428571428	1.0	0.7154761904761904	2.513333333333333	0.5708477891156462	{'Price': '8 million $', 'IP': 'BI-Tech founders maintain all IP', 'Stocks': 'BI-Tech founders get 5% + jobs ', 'EmployeeAgreements': 'salary raise of 15%', 'Legal Liability': 'IS liable for all activities'}	46	neutral	scripted-Boulware	scripted-Atlas3	scripted	scripted	39.189788127482124	54
0.7978571428571428	1.0	0.7154761904761904	2.513333333333333	0.5708477891156462	{'Price': '8 million $', 'IP': 'BI-Tech founders maintain all IP', 'Stocks': 'BI-Tech founders get 5% + jobs ', 'EmployeeAgreements': 'salary raise of 15%', 'Legal Liability': 'IS liable for all activities'}	46	neutral	scripted-Boulware	scripted-Atlas3	scripted	scripted	39.189788127482124	55
0.6478571428571428	0.988	0.7654761904761904	2.401333333333333	0.48996818707482986	{'Price': '8 million $', 'IP': 'IS receives the patents, industrial design rights and trade secrets', 'Stocks': 'BI-Tech founders get 5% + jobs ', 'EmployeeAgreements': 'salary raise of 15%', 'Legal Liability': 'IS liable for all activities'}	61	neutral	scripted-Boulware	scripted-Atlas3	scripted	scripted	19.451694561785956	56
0.7978571428571428	1.0	0.7154761904761904	2.513333333333333	0.5708477891156462	{'Price': '8 million $', 'IP': 'BI-Tech founders maintain all IP', 'Stocks': 'BI-Tech founders get 5% + jobs ', 'EmployeeAgreements': 'salary raise of 15%', 'Legal Liability': 'IS liable for all activities'}	46	neutral	scripted-Boulware	scripted-Atlas3	scripted	scripted	39.189788127482124	57
0.7978571428571428	1.0	0.7154761904761904	2.513333333333333	0.5708477891156462	{'Price': '8 million $', 'IP': 'BI-Tech founders maintain all IP', 'Stocks': 'BI-Tech founders get 5% + jobs ', 'EmployeeAgreements': 'salary raise of 15%', 'Legal Liability': 'IS liable for all activities'}	49	neutral	scripted-Boulware	scripted-Atlas3	scripted	scripted	39.174788127482124	58
0.7978571428571428	1.0	0.7154761904761904	2.513333333333333	0.5708477891156462	{'Price': '8 million $', 'IP': 'BI-Tech founders maintain all IP', 'Stocks': 'BI-Tech founders get 5% + jobs ', 'EmployeeAgreements': 'salary raise of 15%', 'Legal Liability': 'IS liable for all activities'}	46	neutral	scripted-Boulware	scripted-Atlas3	scripted	scripted	39.189788127482124	59
0.7978571428571428	1.0	0.7154761904761904	2.513333333333333	0.5708477891156462	{'Price': '8 million $', 'IP': 'BI-Tech founders maintain all IP', 'Stocks': 'BI-Tech founders get 5% + jobs ', 'EmployeeAgreements': 'salary raise of 15%', 'Legal Liability': 'IS liable for all activities'}	49	neutral	scripted-Boulware	scripted-Atlas3	scripted	scripted	39.174788127482124	60
0.7978571428571428	1.0	0.7154761904761904	2.513333333333333	0.5708477891156462	{'Price': '8 million $', 'IP': 'BI-Tech founders maintain all IP', 'Stocks': 'BI-Tech founders get 5% + jobs ', 'EmployeeAgreements': 'salary raise of 15%', 'Legal Liability': 'IS liable for all activities'}	46	neutral	scripted-Boulware	scripted-Atlas3	scripted	scripted	39.189788127482124	61
0.7978571428571428	1.0	0.7154761904761904	2.513333333333333	0.5708477891156462	{'Price': '8 million $', 'IP': 'BI-Tech founders maintain all IP', 'Stocks': 'BI-Tech founders get 5% + jobs ', 'EmployeeAgreements': 'salary raise of 15%', 'Legal Liability': 'IS liable for all activities'}	46	neutral	scripted-Boulware	scripted-Atlas3	scripted	scripted	39.189788127482124	62
0.7978571428571428	1.0	0.7154761904761904	2.513333333333333	0.5708477891156462	{'Price': '8 million $', 'IP': 'BI-Tech founders maintain all IP', 'Stocks': 'BI-Tech founders get 5% + jobs ', 'EmployeeAgreements': 'salary raise of 15%', 'Legal Liability': 'IS liable for all activities'}	46	neutral	scripted-Boulware	scripted-Atlas3	scripted	scripted	39.189788127482124	63
0.7978571428571428	1.0	0.7154761904761904	2.513333333333333	0.5708477891156462	{'Price': '8 million $', 'IP': 'BI-Tech founders maintain all IP', 'Stocks': 'BI-Tech founders get 5% + jobs ', 'EmployeeAgreements': 'salary raise of 15%', 'Legal Liability': 'IS liable for all activities'}	46	neutral	scripted-Boulware	scripted-Atlas3	scripted	scripted	39.189788127482124	64
0.7978571428571428	1.0	0.7154761904761904	2.513333333333333	0.5708477891156462	{'Price': '8 million $', 'IP': 'BI-Tech founders maintain all IP', 'Stocks': 'BI-Tech founders get 5% + jobs ', 'EmployeeAgreements': 'salary raise of 15%', 'Legal Liability': 'IS liable for all activities'}	46	neutral	scripted-Boulware	scripted-Atlas3	scripted	scripted	39.189788127482124	65
0.7978571428571428	1.0	0.7154761904761904	2.513333333333333	0.5708477891156462	{'Price': '8 million $', 'IP': 'BI-Tech founders maintain all IP', 'Stocks': 'BI-Tech founders get 5% + jobs ', 'EmployeeAgreements': 'salary raise of 15%', 'Legal Liability': 'IS liable for all activities'}	55	neutral	scripted-Boulware	scripted-Atlas3	scripted	scripted	39.14478812748212	66
0.7978571428571428	1.0	0.7154761904761904	2.513333333333333	0.5708477891156462	{'Price': '8 million $', 'IP': 'BI-Tech founders maintain all IP', 'Stocks': 'BI-Tech founders get 5% + jobs ', 'EmployeeAgreements': 'salary raise of 15%', 'Legal Liability': 'IS liable for all activities'}	46	neutral	scripted-Boulware	scripted-Atlas3	scripted	scripted	39.189788127482124	67
0.7978571428571428	1.0	0.7154761904761904	2.513333333333333	0.5708477891156462	{'Price': '8 million $', 'IP': 'BI-Tech founders maintain all IP', 'Stocks': 'BI-Tech founders get 5% + jobs ', 'EmployeeAgreements': 'salary raise of 15%', 'Legal Liability': 'IS liable for all activities'}	46	neutral	scripted-Boulware	scripted-Atlas3	scripted	scripted	39.189788127482124	68
0.7978571428571428	1.0	0.7154761904761904	2.513333333333333	0.5708477891156462	{'Price': '8 million $', 'IP': 'BI-Tech founders maintain all IP', 'Stocks': 'BI-Tech founders get 5% + jobs ', 'EmployeeAgreements': 'salary raise of 15%', 'Legal Liability': 'IS liable for all activities'}	46	neutral	scripted-Boulware	scripted-Atlas3	scripted	scripted	39.189788127482124	69
0.7978571428571428	1.0	0.7154761904761904	2.513333333333333	0.5708477891156462	{'Price': '8 million $', 'IP': 'BI-Tech founders maintain all IP', 'Stocks': 'BI-Tech founders get 5% + jobs ', 'EmployeeAgreements': 'salary raise of 15%', 'Legal Liability': 'IS liable for all activities'}	46	neutral	scripted-Boulware	scripted-Atlas3	scripted	scripted	39.189788127482124	70
0.7978571428571428	1.0	0.7154761904761904	2.513333333333333	0.5708477891156462	{'Price': '8 million $', 'IP': 'BI-Tech founders maintain all IP', 'Stocks': 'BI-Tech founders get 5% + jobs ', 'EmployeeAgreements': 'salary raise of 15%', 'Legal Liability': 'IS liable for all activities'}	46	neutral	scripted-Boulware	scripted-Atlas3	scripted	scripted	39.189788127482124	71
0.7978571428571428	1.0	0.7154761904761904	2.513333333333333	0.5708477891156462	{'Price': '8 million $', 'IP': 'BI-Tech founders maintain all IP', 'Stocks': 'BI-Tech founders get 5% + jobs ', 'EmployeeAgreements': 'salary raise of 15%', 'Legal Liability': 'IS liable for all activities'}	46	neutral	scripted-Boulware	scripted-Atlas3	scripted	scripted	39.189788127482124	72
0.7978571428571428	1.0	0.7154761904761904	2.513333333333333	0.5708477891156462	{'Price': '8 million $', 'IP': 'BI-Tech founders maintain all IP', 'Stocks': 'BI-Tech founders get 5% + jobs ', 'EmployeeAgreements': 'salary raise of 15%', 'Legal Liability': 'IS liable for all activities'}	46	neutral	scripted-Boulware	scripted-Atlas3	scripted	scripted	39.189788127482124	73
0.8428571428571429	0.98	0.736904761904762	2.559761904761905	0.6086833333333334	{'Price': '8 million $', 'IP': 'BI-Tech founders maintain all IP', 'Stocks': 'BI-Tech founders get 2% + jobs at IS', 'EmployeeAgreements': 'salary raise of 15%', 'Legal Liability': 'IS liable for all activities'}	64	neutral	scripted-Boulware	scripted-Atlas3	scripted	scripted	48.176934285281945	74
0.7978571428571428	1.0	0.7154761904761904	2.513333333333333	0.5708477891156462	{'Price': '8 million $', 'IP': 'BI-Tech founders maintain all IP', 'Stocks': 'BI-Tech founders get 5% + jobs ', 'EmployeeAgreements': 'salary raise of 15%', 'Legal Liability': 'IS liable for all activities'}	46	neutral	scripted-Boulware	scripted-Atlas3	scripted	scripted	39.189788127482124	75
0.7978571428571428	1.0	0.7154761904761904	2.513333333333333	0.5708477891156462	{'Price': '8 million $', 'IP': 'BI-Tech founders maintain all IP', 'Stocks': 'BI-Tech founders get 5% + jobs ', 'EmployeeAgreements': 'salary raise of 15%', 'Legal Liability': 'IS liable for all activities'}	46	neutral	scripted-Boulware	scripted-Atlas3	scripted	scripted	39.189788127482124	76
0.7978571428571428	1.0	0.7154761904761904	2.513333333333333	0.5708477891156462	{'Price': '8 million $', 'IP': 'BI-Tech founders maintain all IP', 'Stocks': 'BI-Tech founders get 5% + jobs ', 'EmployeeAgreements': 'salary raise of 15%', 'Legal Liability': 'IS liable for all activities'}	46	neutral	scripted-Boulware	scripted-Atlas3	scripted	scripted	39.189788127482124	77
0.7978571428571428	1.0	0.7154761904761904	2.513333333333333	0.5708477891156462	{'Price': '8 million $', 'IP': 'BI-Tech founders maintain all IP', 'Stocks': 'BI-Tech founders get 5% + jobs ', 'EmployeeAgreements': 'salary raise of 15%', 'Legal Liability': 'IS liable for all activities'}	46	neutral	scripted-Boulware	scripted-Atlas3	scripted	scripted	39.189788127482124	78
0.7978571428571428	1.0	0.7154761904761904	2.513333333333333	0.5708477891156462	{'Price': '8 million $', 'IP': 'BI-Tech founders maintain all IP', 'Stocks': 'BI-Tech founders get 5% + jobs ', 'EmployeeAgreements': 'salary raise of 15%', 'Legal Liability': 'IS liable for all activities'}	46	neutral	scripted-Boulware	scripted-Atlas3	scripted	scripted	39.189788127482124	79
0.6478571428571428	0.988	0.7654761904761904	2.401333333333333	0.48996818707482986	{'Price': '8 million $', 'IP': 'IS receives the patents, industrial design rights and trade secrets', 'Stocks': 'BI-Tech founders get 5% + jobs ', 'EmployeeAgreements': 'salary raise of 15%', 'Legal Liability': 'IS liable for all activities'}	61	neutral	scripted-Boulware	scripted-Atlas3	scripted	scripted	19.451694561785956	80
0.8578571428571429	0.8766666666666666	0.7571428571428571	2.4916666666666667	0.5694128911564625	{'Price': '5 million $', 'IP': 'BI-Tech founders maintain all IP', 'Stocks': 'BI-Tech founders get 5% + jobs ', 'EmployeeAgreements': 'same conditions', 'Legal Liability': 'past activities remains with Bi-Tech'}	76	neutral	scripted-Boulware	scripted-Atlas3	scripted	scripted	51.585401331519165	81
0.6478571428571428	0.988	0.7654761904761904	2.401333333333333	0.48996818707482986	{'Price': '8 million $', 'IP': 'IS receives the patents, industrial design rights and trade secrets', 'Stocks': 'BI-Tech founders get 5% + jobs ', 'EmployeeAgreements': 'salary raise of 15%', 'Legal Liability': 'IS liable for all activities'}	61	neutral	scripted-Boulware	scripted-Atlas3	scripted	scripted	19.451694561785956	82
0.8428571428571429	0.98	0.736904761904762	2.559761904761905	0.6086833333333334	{'Price': '8 million $', 'IP': 'BI-Tech founders maintain all IP', 'Stocks': 'BI-Tech founders get 2% + jobs at IS', 'EmployeeAgreements': 'salary raise of 15%', 'Legal Liability': 'IS liable for all activities'}	64	neutral	scripted-Boulware	scripted-Atlas3	scripted	scripted	48.176934285281945	83
0.7978571428571428	1.0	0.7154761904761904	2.513333333333333	0.5708477891156462	{'Price': '8 million $', 'IP': 'BI-Tech founders maintain all IP', 'Stocks': 'BI-Tech founders get 5% + jobs ', 'EmployeeAgreements': 'salary raise of 15%', 'Legal Liability': 'IS liable for all activities'}	46	neutral	scripted-Boulware	scripted-Atlas3	scripted	scripted	39.189788127482124	84
0.7978571428571428	1.0	0.7154761904761904	2.513333333333333	0.5708477891156462	{'Price': '8 million $', 'IP': 'BI-Tech founders maintain all IP', 'Stocks': 'BI-Tech founders get 5% + jobs ', 'EmployeeAgreements': 'salary raise of 15%', 'Legal Liability': 'IS liable for all activities'}	46	neutral	scripted-Boulware	scripted-Atlas3	scripted	scripted	39.189788127482124	85
0.6478571428571428	0.988	0.7654761904761904	2.401333333333333	0.48996818707482986	{'Price': '8 million $', 'IP': 'IS receives the patents, industrial design rights and trade secrets', 'Stocks': 'BI-Tech founders get 5% + jobs ', 'EmployeeAgreements': 'salary raise of 15%', 'Legal Liability': 'IS liable for all activities'}	61	neutral	scripted-Boulware	scripted-Atlas3	scripted	scripted	19.451694561785956	86
0.7978571428571428	1.0	0.7154761904761904	2.513333333333333	0.5708477891156462	{'Price': '8 million $', 'IP': 'BI-Tech founders maintain all IP', 'Stocks': 'BI-Tech founders get 5% + jobs ', 'EmployeeAgreements': 'salary raise of 15%', 'Legal Liability': 'IS liable for all activities'}	46	neutral	scripted-Boulware	scripted-Atlas3	scripted	scripted	39.189788127482124	87
0.7978571428571428	1.0	0.7154761904761904	2.513333333333333	0.5708477891156462	{'Price': '8 million $', 'IP': 'BI-Tech founders maintain all IP', 'Stocks': 'BI-Tech founders get 5% + jobs ', 'EmployeeAgreements': 'salary raise of 15%', 'Legal Liability': 'IS liable for all activities'}	46	neutral	scripted-Boulware	scripted-Atlas3	scripted	scripted	39.189788127482124	88
0.6478571428571428	0.988	0.7654761904761904	2.401333333333333	0.48996818707482986	{'Price': '8 million $', 'IP': 'IS receives the patents, industrial design rights and trade secrets', 'Stocks': 'BI-Tech founders get 5% + jobs ', 'EmployeeAgreements': 'salary raise of 15%', 'Legal Liability': 'IS liable for all activities'}	61	neutral	scripted-Boulware	scripted-Atlas3	scripted	scripted	19.451694561785956	89
0.7978571428571428	1.0	0.7154761904761904	2.513333333333333	0.5708477891156462	{'Price': '8 million $', 'IP': 'BI-Tech founders maintain all IP', 'Stocks': 'BI-Tech founders get 5% + jobs ', 'EmployeeAgreements': 'salary raise of 15%', 'Legal Liability': 'IS liable for all activities'}	46	neutral	scripted-Boulware	scripted-Atlas3	scripted	scripted	39.189788127482124	90
0.7978571428571428	1.0	0.7154761904761904	2.513333333333333	0.5708477891156462	{'Price': '8 million $', 'IP': 'BI-Tech founders maintain all IP', 'Stocks': 'BI-Tech founders get 5% + jobs ', 'EmployeeAgreements': 'salary raise of 15%', 'Legal Liability': 'IS liable for all activities'}	46	neutral	scripted-Boulware	scripted-Atlas3	scripted	scripted	39.189788127482124	91
0.7978571428571428	1.0	0.7154761904761904	2.513333333333333	0.5708477891156462	{'Price': '8 million $', 'IP': 'BI-Tech founders maintain all IP', 'Stocks': 'BI-Tech founders get 5% + jobs ', 'EmployeeAgreements': 'salary raise of 15%', 'Legal Liability': 'IS liable for all activities'}	46	neutral	scripted-Boulware	scripted-Atlas3	scripted	scripted	39.189788127482124	92
0.6478571428571428	0.988	0.7654761904761904	2.401333333333333	0.48996818707482986	{'Price': '8 million $', 'IP': 'IS receives the patents, industrial design rights and trade secrets', 'Stocks': 'BI-Tech founders get 5% + jobs ', 'EmployeeAgreements': 'salary raise of 15%', 'Legal Liability': 'IS liable for all activities'}	61	neutral	scripted-Boulware	scripted-Atlas3	scripted	scripted	19.451694561785956	93
0.8428571428571429	0.98	0.736904761904762	2.559761904761905	0.6086833333333334	{'Price': '8 million $', 'IP': 'BI-Tech founders maintain all IP', 'Stocks': 'BI-Tech founders get 2% + jobs at IS', 'EmployeeAgreements': 'salary raise of 15%', 'Legal Liability': 'IS liable for all activities'}	64	neutral	scripted-Boulware	scripted-Atlas3	scripted	scripted	48.176934285281945	94
0.7978571428571428	0.95	0.7988095238095239	2.546666666666667	0.6054690901360544	{'Price': '5 million $', 'IP': 'BI-Tech founders maintain all IP', 'Stocks': 'BI-Tech founders get 5% + jobs ', 'EmployeeAgreements': 'salary raise of 15%', 'Legal Liability': 'IS liable for all activities'}	70	neutral	scripted-Boulware	scripted-Atlas3	scripted	scripted	39.06978812748212	95
0.7978571428571428	1.0	0.7154761904761904	2.513333333333333	0.5708477891156462	{'Price': '8 million $', 'IP': 'BI-Tech founders maintain all IP', 'Stocks': 'BI-Tech founders get 5% + jobs ', 'EmployeeAgreements': 'salary raise of 15%', 'Legal Liability': 'IS liable for all activities'}	46	neutral	scripted-Boulware	scripted-Atlas3	scripted	scripted	39.189788127482124	96
0.7978571428571428	1.0	0.7154761904761904	2.513333333333333	0.5708477891156462	{'Price': '8 million $', 'IP': 'BI-Tech founders maintain all IP', 'Stocks': 'BI-Tech founders get 5% + jobs ', 'EmployeeAgreements': 'salary raise of 15%', 'Legal Liability': 'IS liable for all activities'}	49	neutral	scripted-Boulware	scripted-Atlas3	scripted	scripted	39.174788127482124	97
0.7978571428571428	1.0	0.7154761904761904	2.513333333333333	0.5708477891156462	{'Price': '8 million $', 'IP': 'BI-Tech founders maintain all IP', 'Stocks': 'BI-Tech founders get 5% + jobs ', 'EmployeeAgreements': 'salary raise of 15%', 'Legal Liability': 'IS liable for all activities'}	46	neutral	scripted-Boulware	scripted-Atlas3	scripted	scripted	39.189788127482124	98
0.7978571428571428	1.0	0.7154761904761904	2.513333333333333	0.5708477891156462	{'Price': '8 million $', 'IP': 'BI-Tech founders maintain all IP', 'Stocks': 'BI-Tech founders get 5% + jobs ', 'EmployeeAgreements': 'salary raise of 15%', 'Legal Liability': 'IS liable for all activities'}	46	neutral	scripted-Boulware	scripted-Atlas3	scripted	scripted	39.189788127482124	99
