my_util	opp_util1	opp_util2	social	nash	agreement	step	style	opponent1_id	opponent2_id	opponent1_source	opponent2_source	negotiation_score	seed	domain	case
0.3978756295558034	0.6592	0.49419685744999337	1.5512724870057968	0.12961776150776846	{'salad': 'potato', 'soup': 'miso', 'carbohydrate': 'bread(roll)', 'main': 'fish', 'drink': 'apple', 'dessert': 'ice cream'}	45	neutral	scripted-Conceder	scripted-Atlas3	scripted	scripted	6.023147294738858	0	Lunch	case2
0.39497556641994946	0.7034	0.4867442166256296	1.5851197830455792	0.13523010791139523	{'salad': 'potato', 'soup': 'miso', 'carbohydrate': 'bread(roll)', 'main': 'fish', 'drink': 'orange', 'dessert': 'ice cream'}	54	neutral	scripted-Conceder	scripted-Atlas3	scripted	scripted	5.895256260052447	1	Lunch	case2
0.4863112110152912	0.712	0.7752428169282711	1.9735540279435622	0.26843060246948075	{'salad': 'caesar', 'soup': 'corn(hot)', 'carbohydrate': 'rice', 'main': 'beef', 'drink': 'tea', 'dessert': 'cake'}	44	neutral	scripted-Conceder	scripted-Atlas3	scripted	scripted	9.16906665089767	2	Lunch	case2
0.39497556641994946	0.7034	0.4867442166256296	1.5851197830455792	0.13523010791139523	{'salad': 'potato', 'soup': 'miso', 'carbohydrate': 'bread(roll)', 'main': 'fish', 'drink': 'orange', 'dessert': 'ice cream'}	48	neutral	scripted-Conceder	scripted-Atlas3	scripted	scripted	5.925256260052446	3	Lunch	case2
0.5022560966372935	0.6642	0.7267165892342863	1.8931726858715798	0.24243156364782645	{'salad': 'potato', 'soup': 'miso', 'carbohydrate': 'bread(roll)', 'main': 'chicken', 'drink': 'orange', 'dessert': 'ice cream'}	42	neutral	scripted-Conceder	scripted-Atlas3	scripted	scripted	9.894438694048905	4	Lunch	case2
0.7674261384776225	0.6066	0.4787843283422816	1.852810466819904	0.2228840135725295	{'salad': 'green', 'soup': 'miso', 'carbohydrate': 'bread(roll)', 'main': 'pork', 'drink': 'orange', 'dessert': 'ice cream'}	54	neutral	scripted-Conceder	scripted-Atlas3	scripted	scripted	33.99512156651904	5	Lunch	case2
0.39497556641994946	0.7034	0.4867442166256296	1.5851197830455792	0.13523010791139523	{'salad': 'potato', 'soup': 'miso', 'carbohydrate': 'bread(roll)', 'main': 'fish', 'drink': 'orange', 'dessert': 'ice cream'}	45	neutral	scripted-Conceder	scripted-Atlas3	scripted	scripted	5.940256260052447	6	Lunch	case2
0.7703262016134765	0.5624	0.4862369691666453	1.818963170780122	0.21065315000972823	{'salad': 'green', 'soup': 'miso', 'carbohydrate': 'bread(roll)', 'main': 'pork', 'drink': 'apple', 'dessert': 'ice cream'}	45	neutral	scripted-Conceder	scripted-Atlas3	scripted	scripted	34.50081148117967	7	Lunch	case2
0.39497556641994946	0.7034	0.4867442166256296	1.5851197830455792	0.13523010791139523	{'salad': 'potato', 'soup': 'miso', 'carbohydrate': 'bread(roll)', 'main': 'fish', 'drink': 'orange', 'dessert': 'ice cream'}	48	neutral	scripted-Conceder	scripted-Atlas3	scripted	scripted	5.925256260052446	8	Lunch	case2
0.5944235411590362	0.5367999999999999	0.6234765465396716	1.7547000876987076	0.1989429845396119	{'salad': 'potato', 'soup': 'corn(ice)', 'carbohydrate': 'bread(roll)', 'main': 'pork', 'drink': 'apple', 'dessert': 'cake'}	42	neutral	scripted-Conceder	scripted-Atlas3	scripted	scripted	15.237104419955827	9	Lunch	case2
0.3978756295558034	0.6592	0.49419685744999337	1.5512724870057968	0.12961776150776846	{'salad': 'potato', 'soup': 'miso', 'carbohydrate': 'bread(roll)', 'main': 'fish', 'drink': 'apple', 'dessert': 'ice cream'}	45	neutral	scripted-Conceder	scripted-Atlas3	scripted	scripted	6.023147294738858	10	Lunch	case2
0.5189870158690364	0.6794	0.4047187812408443	1.6031057971098808	0.1427037526532652	{'salad': 'green', 'soup': 'miso', 'carbohydrate': 'bread(roll)', 'main': 'fish', 'drink': 'orange', 'dessert': 'ice cream'}	45	neutral	scripted-Conceder	scripted-Atlas3	scripted	scripted	10.688750766714255	11	Lunch	case2
0.5044554568243033	0.5984	0.4860395274644971	1.5888949842888003	0.14671887865008398	{'salad': 'green', 'soup': 'corn(hot)', 'carbohydrate': 'bread(roll)', 'main': 'fish', 'drink': 'orange', 'dessert': 'ice cream'}	45	neutral	scripted-Conceder	scripted-Atlas3	scripted	scripted	9.982300809876232	12	Lunch	case2
0.49283020958851675	0.5498000000000001	0.4244329015374874	1.4670631111260042	0.11500351103037604	{'salad': 'green', 'soup': 'corn(ice)', 'carbohydrate': 'bread(roll)', 'main': 'fish', 'drink': 'orange', 'dessert': 'ice cream'}	48	neutral	scripted-Conceder	scripted-Atlas3	scripted	scripted	9.435210424206268	13	Lunch	case2
0.5218870790048904	0.6352	0.41217142206520807	1.5692585010700983	0.13663592797732574	{'salad': 'green', 'soup': 'miso', 'carbohydrate': 'bread(roll)', 'main': 'fish', 'drink': 'apple', 'dessert': 'ice cream'}	48	neutral	scripted-Conceder	scripted-Atlas3	scripted	scripted	10.820484666361578	14	Lunch	case2
0.4760992903567739	0.5346	0.7464307095309294	1.7571299998877032	0.18998354509043233	{'salad': 'potato', 'soup': 'corn(ice)', 'carbohydrate': 'bread(roll)', 'main': 'chicken', 'drink': 'orange', 'dessert': 'ice cream'}	39	neutral	scripted-Conceder	scripted-Atlas3	scripted	scripted	8.76274263799209	15	Lunch	case2
0.5218870790048904	0.6352	0.41217142206520807	1.5692585010700983	0.13663592797732574	{'salad': 'green', 'soup': 'miso', 'carbohydrate': 'bread(roll)', 'main': 'fish', 'drink': 'apple', 'dessert': 'ice cream'}	45	neutral	scripted-Conceder	scripted-Atlas3	scripted	scripted	10.835484666361578	16	Lunch	case2
0.5189870158690364	0.6794	0.4047187812408443	1.6031057971098808	0.1427037526532652	{'salad': 'green', 'soup': 'miso', 'carbohydrate': 'bread(roll)', 'main': 'fish', 'drink': 'orange', 'dessert': 'ice cream'}	48	neutral	scripted-Conceder	scripted-Atlas3	scripted	scripted	10.673750766714255	17	Lunch	case2
0.5218870790048904	0.6352	0.41217142206520807	1.5692585010700983	0.13663592797732574	{'salad': 'green', 'soup': 'miso', 'carbohydrate': 'bread(roll)', 'main': 'fish', 'drink': 'apple', 'dessert': 'ice cream'}	51	neutral	scripted-Conceder	scripted-Atlas3	scripted	scripted	10.805484666361577	18	Lunch	case2
0.6262675460863804	0.6402	0.644691153849501	1.9111586999358814	0.25848020384853243	{'salad': 'green', 'soup': 'miso', 'carbohydrate': 'bread(roll)', 'main': 'chicken', 'drink': 'orange', 'dessert': 'ice cream'}	54	neutral	scripted-Conceder	scripted-Atlas3	scripted	scripted	17.61690054279354	19	Lunch	case2
0.6262675460863804	0.6402	0.644691153849501	1.9111586999358814	0.25848020384853243	{'salad': 'green', 'soup': 'miso', 'carbohydrate': 'bread(roll)', 'main': 'chicken', 'drink': 'orange', 'dessert': 'ice cream'}	42	neutral	scripted-Conceder	scripted-Atlas3	scripted	scripted	17.67690054279354	20	Lunch	case2
0.5218870790048904	0.6352	0.41217142206520807	1.5692585010700983	0.13663592797732574	{'salad': 'green', 'soup': 'miso', 'carbohydrate': 'bread(roll)', 'main': 'fish', 'drink': 'apple', 'dessert': 'ice cream'}	51	neutral	scripted-Conceder	scripted-Atlas3	scripted	scripted	10.805484666361577	21	Lunch	case2
0.5189870158690364	0.6794	0.4047187812408443	1.6031057971098808	0.1427037526532652	{'salad': 'green', 'soup': 'miso', 'carbohydrate': 'bread(roll)', 'main': 'fish', 'drink': 'orange', 'dessert': 'ice cream'}	45	neutral	scripted-Conceder	scripted-Atlas3	scripted	scripted	10.688750766714255	22	Lunch	case2
0.49283020958851675	0.5498000000000001	0.4244329015374874	1.4670631111260042	0.11500351103037604	{'salad': 'green', 'soup': 'corn(ice)', 'carbohydrate': 'bread(roll)', 'main': 'fish', 'drink': 'orange', 'dessert': 'ice cream'}	48	neutral	scripted-Conceder	scripted-Atlas3	scripted	scripted	9.435210424206268	23	Lunch	case2
0.7674261384776225	0.6066	0.4787843283422816	1.852810466819904	0.2228840135725295	{'salad': 'green', 'soup': 'miso', 'carbohydrate': 'bread(roll)', 'main': 'pork', 'drink': 'orange', 'dessert': 'ice cream'}	45	neutral	scripted-Conceder	scripted-Atlas3	scripted	scripted	34.04012156651904	24	Lunch	case2
0.39497556641994946	0.7034	0.4867442166256296	1.5851197830455792	0.13523010791139523	{'salad': 'potato', 'soup': 'miso', 'carbohydrate': 'bread(roll)', 'main': 'fish', 'drink': 'orange', 'dessert': 'ice cream'}	48	neutral	scripted-Conceder	scripted-Atlas3	scripted	scripted	5.925256260052446	25	Lunch	case2
0.7703262016134765	0.5624	0.4862369691666453	1.818963170780122	0.21065315000972823	{'salad': 'green', 'soup': 'miso', 'carbohydrate': 'bread(roll)', 'main': 'pork', 'drink': 'apple', 'dessert': 'ice cream'}	45	neutral	scripted-Conceder	scripted-Atlas3	scripted	scripted	34.50081148117967	26	Lunch	case2
0.47982596520081083	0.6094	0.4970188376389989	1.58624480283981	0.14533126200470597	{'salad': 'green', 'soup': 'miso', 'carbohydrate': 'bread(roll)', 'main': 'fish', 'drink': 'orange', 'dessert': 'sherbet'}	45	neutral	scripted-Conceder	scripted-Atlas3	scripted	scripted	8.887801920998198	27	Lunch	case2
0.39497556641994946	0.7034	0.4867442166256296	1.5851197830455792	0.13523010791139523	{'salad': 'potato', 'soup': 'miso', 'carbohydrate': 'bread(roll)', 'main': 'fish', 'drink': 'orange', 'dessert': 'ice cream'}	51	neutral	scripted-Conceder	scripted-Atlas3	scripted	scripted	5.910256260052447	28	Lunch	case2
0.5189870158690364	0.6794	0.4047187812408443	1.6031057971098808	0.1427037526532652	{'salad': 'green', 'soup': 'miso', 'carbohydrate': 'bread(roll)', 'main': 'fish', 'drink': 'orange', 'dessert': 'ice cream'}	48	neutral	scripted-Conceder	scripted-Atlas3	scripted	scripted	10.673750766714255	29	Lunch	case2
0.49325261114420244	0.7594000000000001	0.44021880293244225	1.6928714140766448	0.16489541281170098	{'salad': 'green', 'soup': 'miso', 'carbohydrate': 'bread(roll)', 'main': 'fish', 'drink': 'orange', 'dessert': 'cake'}	48	neutral	scripted-Conceder	scripted-Atlas3	scripted	scripted	9.454049260950763	30	Lunch	case2
0.7772301871045619	0.6462	0.3989228838203694	1.8223530709249312	0.20035748131179654	{'salad': 'potato', 'soup': 'miso', 'carbohydrate': 'bread(french)', 'main': 'pork', 'drink': 'orange', 'dessert': 'ice cream'}	48	neutral	scripted-Conceder	scripted-Atlas3	scripted	scripted	35.607623878305674	31	Lunch	case2
0.6262675460863804	0.6402	0.644691153849501	1.9111586999358814	0.25848020384853243	{'salad': 'green', 'soup': 'miso', 'carbohydrate': 'bread(roll)', 'main': 'chicken', 'drink': 'orange', 'dessert': 'ice cream'}	42	neutral	scripted-Conceder	scripted-Atlas3	scripted	scripted	17.67690054279354	32	Lunch	case2
0.7674261384776225	0.6066	0.4787843283422816	1.852810466819904	0.2228840135725295	{'salad': 'green', 'soup': 'miso', 'carbohydrate': 'bread(roll)', 'main': 'pork', 'drink': 'orange', 'dessert': 'ice cream'}	51	neutral	scripted-Conceder	scripted-Atlas3	scripted	scripted	34.01012156651904	33	Lunch	case2
0.4536691589202912	0.4798	0.516732957935642	1.4502021168559334	0.11247750191698472	{'salad': 'green', 'soup': 'corn(ice)', 'carbohydrate': 'bread(roll)', 'main': 'fish', 'drink': 'orange', 'dessert': 'sherbet'}	42	neutral	scripted-Conceder	scripted-Atlas3	scripted	scripted	7.868641158699744	34	Lunch	case2
0.5022560966372935	0.6642	0.7267165892342863	1.8931726858715798	0.24243156364782645	{'salad': 'potato', 'soup': 'miso', 'carbohydrate': 'bread(roll)', 'main': 'chicken', 'drink': 'orange', 'dessert': 'ice cream'}	42	neutral	scripted-Conceder	scripted-Atlas3	scripted	scripted	9.894438694048905	35	Lunch	case2
0.39497556641994946	0.7034	0.4867442166256296	1.5851197830455792	0.13523010791139523	{'salad': 'potato', 'soup': 'miso', 'carbohydrate': 'bread(roll)', 'main': 'fish', 'drink': 'orange', 'dessert': 'ice cream'}	45	neutral	scripted-Conceder	scripted-Atlas3	scripted	scripted	5.940256260052447	36	Lunch	case2
0.39497556641994946	0.7034	0.4867442166256296	1.5851197830455792	0.13523010791139523	{'salad': 'potato', 'soup': 'miso', 'carbohydrate': 'bread(roll)', 'main': 'fish', 'drink': 'orange', 'dessert': 'ice cream'}	48	neutral	scripted-Conceder	scripted-Atlas3	scripted	scripted	5.925256260052446	37	Lunch	case2
0.9012416365536488	0.6222	0.3168974484355841	1.8403390849892327	0.1777010511147171	{'salad': 'green', 'soup': 'miso', 'carbohydrate': 'bread(french)', 'main': 'pork', 'drink': 'orange', 'dessert': 'ice cream'}	48	neutral	scripted-Conceder	scripted-Atlas3	scripted	scripted	63.217545977726225	38	Lunch	case2
0.40984395509506355	0.737	0.4206679391126919	1.5675118942077555	0.127064852205407	{'salad': 'potato', 'soup': 'miso', 'carbohydrate': 'rice', 'main': 'fish', 'drink': 'orange', 'dessert': 'ice cream'}	48	neutral	scripted-Conceder	scripted-Atlas3	scripted	scripted	6.362188354315272	39	Lunch	case2
0.5189870158690364	0.6794	0.4047187812408443	1.6031057971098808	0.1427037526532652	{'salad': 'green', 'soup': 'miso', 'carbohydrate': 'bread(roll)', 'main': 'fish', 'drink': 'orange', 'dessert': 'ice cream'}	51	neutral	scripted-Conceder	scripted-Atlas3	scripted	scripted	10.658750766714254	40	Lunch	case2
0.39497556641994946	0.7034	0.4867442166256296	1.5851197830455792	0.13523010791139523	{'salad': 'potato', 'soup': 'miso', 'carbohydrate': 'bread(roll)', 'main': 'fish', 'drink': 'orange', 'dessert': 'ice cream'}	45	neutral	scripted-Conceder	scripted-Atlas3	scripted	scripted	5.940256260052447	41	Lunch	case2
0.5022560966372935	0.6642	0.7267165892342863	1.8931726858715798	0.24243156364782645	{'salad': 'potato', 'soup': 'miso', 'carbohydrate': 'bread(roll)', 'main': 'chicken', 'drink': 'orange', 'dessert': 'ice cream'}	42	neutral	scripted-Conceder	scripted-Atlas3	scripted	scripted	9.894438694048905	42	Lunch	case2
0.38044400737521633	0.6224	0.5680649628492824	1.5709089702244987	0.1345111653540153	{'salad': 'potato', 'soup': 'corn(hot)', 'carbohydrate': 'bread(roll)', 'main': 'fish', 'drink': 'orange', 'dessert': 'ice cream'}	45	neutral	scripted-Conceder	scripted-Atlas3	scripted	scripted	5.54117760122023	43	Lunch	case2
0.4630950459690679	0.5942000000000001	0.8190166456324408	1.8763116916015088	0.22536969189843242	{'salad': 'potato', 'soup': 'miso', 'carbohydrate': 'bread(roll)', 'main': 'chicken', 'drink': 'orange', 'dessert': 'sherbet'}	42	neutral	scripted-Conceder	scripted-Atlas3	scripted	scripted	8.22703968598683	44	Lunch	case2
0.4961526742800564	0.7152000000000001	0.447671443756806	1.6590241180368626	0.15885549225021228	{'salad': 'green', 'soup': 'miso', 'carbohydrate': 'bread(roll)', 'main': 'fish', 'drink': 'apple', 'dessert': 'cake'}	42	neutral	scripted-Conceder	scripted-Atlas3	scripted	scripted	9.61438443918947	45	Lunch	case2
0.6434146890285356	0.6305999999999999	0.5608097637270668	1.8348244527556024	0.22754144097538842	{'salad': 'potato', 'soup': 'miso', 'carbohydrate': 'bread(roll)', 'main': 'pork', 'drink': 'orange', 'dessert': 'ice cream'}	48	neutral	scripted-Conceder	scripted-Atlas3	scripted	scripted	19.11661348284945	46	Lunch	case2
0.5189870158690364	0.6794	0.4047187812408443	1.6031057971098808	0.1427037526532652	{'salad': 'green', 'soup': 'miso', 'carbohydrate': 'bread(roll)', 'main': 'fish', 'drink': 'orange', 'dessert': 'ice cream'}	51	neutral	scripted-Conceder	scripted-Atlas3	scripted	scripted	10.658750766714254	47	Lunch	case2
0.7703262016134765	0.5624	0.4862369691666453	1.818963170780122	0.21065315000972823	{'salad': 'green', 'soup': 'miso', 'carbohydrate': 'bread(roll)', 'main': 'pork', 'drink': 'apple', 'dessert': 'ice cream'}	48	neutral	scripted-Conceder	scripted-Atlas3	scripted	scripted	34.48581148117967	48	Lunch	case2
0.39497556641994946	0.7034	0.4867442166256296	1.5851197830455792	0.13523010791139523	{'salad': 'potato', 'soup': 'miso', 'carbohydrate': 'bread(roll)', 'main': 'fish', 'drink': 'orange', 'dessert': 'ice cream'}	48	neutral	scripted-Conceder	scripted-Atlas3	scripted	scripted	5.925256260052446	49	Lunch	case2
0.39497556641994946	0.7034	0.4867442166256296	1.5851197830455792	0.13523010791139523	{'salad': 'potato', 'soup': 'miso', 'carbohydrate': 'bread(roll)', 'main': 'fish', 'drink': 'orange', 'dessert': 'ice cream'}	48	neutral	scripted-Conceder	scripted-Atlas3	scripted	scripted	5.925256260052446	50	Lunch	case2
0.6434146890285356	0.6305999999999999	0.5608097637270668	1.8348244527556024	0.22754144097538842	{'salad': 'potato', 'soup': 'miso', 'carbohydrate': 'bread(roll)', 'main': 'pork', 'drink': 'orange', 'dessert': 'ice cream'}	45	neutral	scripted-Conceder	scripted-Atlas3	scripted	scripted	19.131613482849446	51	Lunch	case2
0.5189870158690364	0.6794	0.4047187812408443	1.6031057971098808	0.1427037526532652	{'salad': 'green', 'soup': 'miso', 'carbohydrate': 'bread(roll)', 'main': 'fish', 'drink': 'orange', 'dessert': 'ice cream'}	45	neutral	scripted-Conceder	scripted-Atlas3	scripted	scripted	10.688750766714255	52	Lunch	case2
0.5218870790048904	0.6352	0.41217142206520807	1.5692585010700983	0.13663592797732574	{'salad': 'green', 'soup': 'miso', 'carbohydrate': 'bread(roll)', 'main': 'fish', 'drink': 'apple', 'dessert': 'ice cream'}	48	neutral	scripted-Conceder	scripted-Atlas3	scripted	scripted	10.820484666361578	53	Lunch	case2
0.39497556641994946	0.7034	0.4867442166256296	1.5851197830455792	0.13523010791139523	{'salad': 'potato', 'soup': 'miso', 'carbohydrate': 'bread(roll)', 'main': 'fish', 'drink': 'orange', 'dessert': 'ice cream'}	42	neutral	scripted-Conceder	scripted-Atlas3	scripted	scripted	5.955256260052447	54	Lunch	case2
0.39497556641994946	0.7034	0.4867442166256296	1.5851197830455792	0.13523010791139523	{'salad': 'potato', 'soup': 'miso', 'carbohydrate': 'bread(roll)', 'main': 'fish', 'drink': 'orange', 'dessert': 'ice cream'}	51	neutral	scripted-Conceder	scripted-Atlas3	scripted	scripted	5.910256260052447	55	Lunch	case2
0.5218870790048904	0.6352	0.41217142206520807	1.5692585010700983	0.13663592797732574	{'salad': 'green', 'soup': 'miso', 'carbohydrate': 'bread(roll)', 'main': 'fish', 'drink': 'apple', 'dessert': 'ice cream'}	51	neutral	scripted-Conceder	scripted-Atlas3	scripted	scripted	10.805484666361577	56	Lunch	case2
0.39497556641994946	0.7034	0.4867442166256296	1.5851197830455792	0.13523010791139523	{'salad': 'potato', 'soup': 'miso', 'carbohydrate': 'bread(roll)', 'main': 'fish', 'drink': 'orange', 'dessert': 'ice cream'}	48	neutral	scripted-Conceder	scripted-Atlas3	scripted	scripted	5.925256260052446	57	Lunch	case2
0.7412693321971029	0.477	0.4984984486389247	1.7167677808360278	0.17626180898308477	{'salad': 'green', 'soup': 'corn(ice)', 'carbohydrate': 'bread(roll)', 'main': 'pork', 'drink': 'orange', 'dessert': 'ice cream'}	48	neutral	scripted-Conceder	scripted-Atlas3	scripted	scripted	30.136565165679496	58	Lunch	case2
0.6262675460863804	0.6402	0.644691153849501	1.9111586999358814	0.25848020384853243	{'salad': 'green', 'soup': 'miso', 'carbohydrate': 'bread(roll)', 'main': 'chicken', 'drink': 'orange', 'dessert': 'ice cream'}	51	neutral	scripted-Conceder	scripted-Atlas3	scripted	scripted	17.63190054279354	59	Lunch	case2
0.6262675460863804	0.6402	0.644691153849501	1.9111586999358814	0.25848020384853243	{'salad': 'green', 'soup': 'miso', 'carbohydrate': 'bread(roll)', 'main': 'chicken', 'drink': 'orange', 'dessert': 'ice cream'}	51	neutral	scripted-Conceder	scripted-Atlas3	scripted	scripted	17.63190054279354	60	Lunch	case2
0.5609496891376352	0.4406	0.7567053305442987	1.758255019681934	0.18702307694451353	{'salad': 'green', 'soup': 'corn(ice)', 'carbohydrate': 'bread(roll)', 'main': 'chicken', 'drink': 'orange', 'dessert': 'sherbet'}	39	neutral	scripted-Conceder	scripted-Atlas3	scripted	scripted	13.0453473393671	61	Lunch	case2
0.4485634869243348	0.5132	0.9003373918560936	1.8621008787804283	0.20726017188433643	{'salad': 'potato', 'soup': 'corn(hot)', 'carbohydrate': 'bread(roll)', 'main': 'chicken', 'drink': 'orange', 'dessert': 'sherbet'}	45	neutral	scripted-Conceder	scripted-Atlas3	scripted	scripted	7.665907888641367	62	Lunch	case2
0.7674261384776225	0.6066	0.4787843283422816	1.852810466819904	0.2228840135725295	{'salad': 'green', 'soup': 'miso', 'carbohydrate': 'bread(roll)', 'main': 'pork', 'drink': 'orange', 'dessert': 'ice cream'}	42	neutral	scripted-Conceder	scripted-Atlas3	scripted	scripted	34.05512156651904	63	Lunch	case2
0.5218870790048904	0.6352	0.41217142206520807	1.5692585010700983	0.13663592797732574	{'salad': 'green', 'soup': 'miso', 'carbohydrate': 'bread(roll)', 'main': 'fish', 'drink': 'apple', 'dessert': 'ice cream'}	45	neutral	scripted-Conceder	scripted-Atlas3	scripted	scripted	10.835484666361578	64	Lunch	case2
0.6434146890285356	0.6305999999999999	0.5608097637270668	1.8348244527556024	0.22754144097538842	{'salad': 'potato', 'soup': 'miso', 'carbohydrate': 'bread(roll)', 'main': 'pork', 'drink': 'orange', 'dessert': 'ice cream'}	45	neutral	scripted-Conceder	scripted-Atlas3	scripted	scripted	19.131613482849446	65	Lunch	case2
0.7674261384776225	0.6066	0.4787843283422816	1.852810466819904	0.2228840135725295	{'salad': 'green', 'soup': 'miso', 'carbohydrate': 'bread(roll)', 'main': 'pork', 'drink': 'orange', 'dessert': 'ice cream'}	51	neutral	scripted-Conceder	scripted-Atlas3	scripted	scripted	34.01012156651904	66	Lunch	case2
0.5073555199601573	0.5542	0.49349216828886083	1.5550476882490183	0.13875836569883476	{'salad': 'green', 'soup': 'corn(hot)', 'carbohydrate': 'bread(roll)', 'main': 'fish', 'drink': 'apple', 'dessert': 'ice cream'}	51	neutral	scripted-Conceder	scripted-Atlas3	scripted	scripted	10.089536585616539	67	Lunch	case2
0.39497556641994946	0.7034	0.4867442166256296	1.5851197830455792	0.13523010791139523	{'salad': 'potato', 'soup': 'miso', 'carbohydrate': 'bread(roll)', 'main': 'fish', 'drink': 'orange', 'dessert': 'ice cream'}	48	neutral	scripted-Conceder	scripted-Atlas3	scripted	scripted	5.925256260052446	68	Lunch	case2
0.5287910644959758	0.719	0.32485733671893213	1.572648401214908	0.12351101130601794	{'salad': 'potato', 'soup': 'miso', 'carbohydrate': 'bread(french)', 'main': 'fish', 'drink': 'orange', 'dessert': 'ice cream'}	45	neutral	scripted-Conceder	scripted-Atlas3	scripted	scripted	11.192792049190377	69	Lunch	case2
0.5218870790048904	0.6352	0.41217142206520807	1.5692585010700983	0.13663592797732574	{'salad': 'green', 'soup': 'miso', 'carbohydrate': 'bread(roll)', 'main': 'fish', 'drink': 'apple', 'dessert': 'ice cream'}	48	neutral	scripted-Conceder	scripted-Atlas3	scripted	scripted	10.820484666361578	70	Lunch	case2
0.39497556641994946	0.7034	0.4867442166256296	1.5851197830455792	0.13523010791139523	{'salad': 'potato', 'soup': 'miso', 'carbohydrate': 'bread(roll)', 'main': 'fish', 'drink': 'orange', 'dessert': 'ice cream'}	48	neutral	scripted-Conceder	scripted-Atlas3	scripted	scripted	5.925256260052446	71	Lunch	case2
0.4630950459690679	0.5942000000000001	0.8190166456324408	1.8763116916015088	0.22536969189843242	{'salad': 'potato', 'soup': 'miso', 'carbohydrate': 'bread(roll)', 'main': 'chicken', 'drink': 'orange', 'dessert': 'sherbet'}	30	neutral	scripted-Conceder	scripted-Atlas3	scripted	scripted	8.28703968598683	72	Lunch	case2
0.5022560966372935	0.6642	0.7267165892342863	1.8931726858715798	0.24243156364782645	{'salad': 'potato', 'soup': 'miso', 'carbohydrate': 'bread(roll)', 'main': 'chicken', 'drink': 'orange', 'dessert': 'ice cream'}	48	neutral	scripted-Conceder	scripted-Atlas3	scripted	scripted	9.864438694048905	73	Lunch	case2
0.6434146890285356	0.6305999999999999	0.5608097637270668	1.8348244527556024	0.22754144097538842	{'salad': 'potato', 'soup': 'miso', 'carbohydrate': 'bread(roll)', 'main': 'pork', 'drink': 'orange', 'dessert': 'ice cream'}	48	neutral	scripted-Conceder	scripted-Atlas3	scripted	scripted	19.11661348284945	74	Lunch	case2
0.47982596520081083	0.6094	0.4970188376389989	1.58624480283981	0.14533126200470597	{'salad': 'green', 'soup': 'miso', 'carbohydrate': 'bread(roll)', 'main': 'fish', 'drink': 'orange', 'dessert': 'sherbet'}	51	neutral	scripted-Conceder	scripted-Atlas3	scripted	scripted	8.857801920998197	75	Lunch	case2
0.6434146890285356	0.6305999999999999	0.5608097637270668	1.8348244527556024	0.22754144097538842	{'salad': 'potato', 'soup': 'miso', 'carbohydrate': 'bread(roll)', 'main': 'pork', 'drink': 'orange', 'dessert': 'ice cream'}	42	neutral	scripted-Conceder	scripted-Atlas3	scripted	scripted	19.146613482849446	76	Lunch	case2
0.5083747302259874	0.642	0.8012776128922127	1.9516523431182002	0.2615182443663096	{'salad': 'caesar', 'soup': 'corn(hot)', 'carbohydrate': 'bread(roll)', 'main': 'chicken', 'drink': 'apple', 'dessert': 'cake'}	47	neutral	scripted-Conceder	scripted-Atlas3	scripted	scripted	10.15820420720556	77	Lunch	case2
0.49283020958851675	0.5498000000000001	0.4244329015374874	1.4670631111260042	0.11500351103037604	{'salad': 'green', 'soup': 'corn(ice)', 'carbohydrate': 'bread(roll)', 'main': 'fish', 'drink': 'orange', 'dessert': 'ice cream'}	48	neutral	scripted-Conceder	scripted-Atlas3	scripted	scripted	9.435210424206268	78	Lunch	case2
0.39497556641994946	0.7034	0.4867442166256296	1.5851197830455792	0.13523010791139523	{'salad': 'potato', 'soup': 'miso', 'carbohydrate': 'bread(roll)', 'main': 'fish', 'drink': 'orange', 'dessert': 'ice cream'}	54	neutral	scripted-Conceder	scripted-Atlas3	scripted	scripted	5.895256260052447	79	Lunch	case2
0.39497556641994946	0.7034	0.4867442166256296	1.5851197830455792	0.13523010791139523	{'salad': 'potato', 'soup': 'miso', 'carbohydrate': 'bread(roll)', 'main': 'fish', 'drink': 'orange', 'dessert': 'ice cream'}	45	neutral	scripted-Conceder	scripted-Atlas3	scripted	scripted	5.940256260052447	80	Lunch	case2
0.3688187601394299	0.5738000000000001	0.5064583369222727	1.4490770970617026	0.10718086853135828	{'salad': 'potato', 'soup': 'corn(ice)', 'carbohydrate': 'bread(roll)', 'main': 'fish', 'drink': 'orange', 'dessert': 'ice cream'}	42	neutral	scripted-Conceder	scripted-Atlas3	scripted	scripted	5.255595917499678	81	Lunch	case2
0.39497556641994946	0.7034	0.4867442166256296	1.5851197830455792	0.13523010791139523	{'salad': 'potato', 'soup': 'miso', 'carbohydrate': 'bread(roll)', 'main': 'fish', 'drink': 'orange', 'dessert': 'ice cream'}	48	neutral	scripted-Conceder	scripted-Atlas3	scripted	scripted	5.925256260052446	82	Lunch	case2
0.39497556641994946	0.7034	0.4867442166256296	1.5851197830455792	0.13523010791139523	{'salad': 'potato', 'soup': 'miso', 'carbohydrate': 'bread(roll)', 'main': 'fish', 'drink': 'orange', 'dessert': 'ice cream'}	48	neutral	scripted-Conceder	scripted-Atlas3	scripted	scripted	5.925256260052446	83	Lunch	case2
0.5218870790048904	0.6352	0.41217142206520807	1.5692585010700983	0.13663592797732574	{'salad': 'green', 'soup': 'miso', 'carbohydrate': 'bread(roll)', 'main': 'fish', 'drink': 'apple', 'dessert': 'ice cream'}	48	neutral	scripted-Conceder	scripted-Atlas3	scripted	scripted	10.820484666361578	84	Lunch	case2
0.4957302727243707	0.5056	0.43188554236185117	1.4332158150862218	0.10824832178150086	{'salad': 'green', 'soup': 'corn(ice)', 'carbohydrate': 'bread(roll)', 'main': 'fish', 'drink': 'apple', 'dessert': 'ice cream'}	48	neutral	scripted-Conceder	scripted-Atlas3	scripted	scripted	9.565292316838642	85	Lunch	case2
0.39497556641994946	0.7034	0.4867442166256296	1.5851197830455792	0.13523010791139523	{'salad': 'potato', 'soup': 'miso', 'carbohydrate': 'bread(roll)', 'main': 'fish', 'drink': 'orange', 'dessert': 'ice cream'}	45	neutral	scripted-Conceder	scripted-Atlas3	scripted	scripted	5.940256260052447	86	Lunch	case2
0.5218870790048904	0.6352	0.41217142206520807	1.5692585010700983	0.13663592797732574	{'salad': 'green', 'soup': 'miso', 'carbohydrate': 'bread(roll)', 'main': 'fish', 'drink': 'apple', 'dessert': 'ice cream'}	48	neutral	scripted-Conceder	scripted-Atlas3	scripted	scripted	10.820484666361578	87	Lunch	case2
0.5022560966372935	0.6642	0.7267165892342863	1.8931726858715798	0.24243156364782645	{'salad': 'potato', 'soup': 'miso', 'carbohydrate': 'bread(roll)', 'main': 'chicken', 'drink': 'orange', 'dessert': 'ice cream'}	45	neutral	scripted-Conceder	scripted-Atlas3	scripted	scripted	9.879438694048906	88	Lunch	case2
0.7674261384776225	0.6066	0.4787843283422816	1.852810466819904	0.2228840135725295	{'salad': 'green', 'soup': 'miso', 'carbohydrate': 'bread(roll)', 'main': 'pork', 'drink': 'orange', 'dessert': 'ice cream'}	45	neutral	scripted-Conceder	scripted-Atlas3	scripted	scripted	34.04012156651904	89	Lunch	case2
0.5357528411927336	0.4394	0.8424271634847046	1.8175800046774382	0.1983156087395401	{'salad': 'potato', 'soup': 'onion', 'carbohydrate': 'bread(roll)', 'main': 'chicken', 'drink': 'orange', 'dessert': 'sherbet'}	33	neutral	scripted-Conceder	scripted-Atlas3	scripted	scripted	11.624779490979353	90	Lunch	case2
0.49283020958851675	0.5498000000000001	0.4244329015374874	1.4670631111260042	0.11500351103037604	{'salad': 'green', 'soup': 'corn(ice)', 'carbohydrate': 'bread(roll)', 'main': 'fish', 'drink': 'orange', 'dessert': 'ice cream'}	42	neutral	scripted-Conceder	scripted-Atlas3	scripted	scripted	9.465210424206267	91	Lunch	case2
0.7703262016134765	0.5624	0.4862369691666453	1.818963170780122	0.21065315000972823	{'salad': 'green', 'soup': 'miso', 'carbohydrate': 'bread(roll)', 'main': 'pork', 'drink': 'apple', 'dessert': 'ice cream'}	51	neutral	scripted-Conceder	scripted-Atlas3	scripted	scripted	34.470811481179666	92	Lunch	case2
0.7674261384776225	0.6066	0.4787843283422816	1.852810466819904	0.2228840135725295	{'salad': 'green', 'soup': 'miso', 'carbohydrate': 'bread(roll)', 'main': 'pork', 'drink': 'orange', 'dessert': 'ice cream'}	48	neutral	scripted-Conceder	scripted-Atlas3	scripted	scripted	34.02512156651904	93	Lunch	case2
0.7674261384776225	0.6066	0.4787843283422816	1.852810466819904	0.2228840135725295	{'salad': 'green', 'soup': 'miso', 'carbohydrate': 'bread(roll)', 'main': 'pork', 'drink': 'orange', 'dessert': 'ice cream'}	42	neutral	scripted-Conceder	scripted-Atlas3	scripted	scripted	34.05512156651904	94	Lunch	case2
0.7772301871045619	0.6462	0.3989228838203694	1.8223530709249312	0.20035748131179654	{'salad': 'potato', 'soup': 'miso', 'carbohydrate': 'bread(french)', 'main': 'pork', 'drink': 'orange', 'dessert': 'ice cream'}	51	neutral	scripted-Conceder	scripted-Atlas3	scripted	scripted	35.59262387830567	95	Lunch	case2
0.5022560966372935	0.6642	0.7267165892342863	1.8931726858715798	0.24243156364782645	{'salad': 'potato', 'soup': 'miso', 'carbohydrate': 'bread(roll)', 'main': 'chicken', 'drink': 'orange', 'dessert': 'ice cream'}	45	neutral	scripted-Conceder	scripted-Atlas3	scripted	scripted	9.879438694048906	96	Lunch	case2
0.39497556641994946	0.7034	0.4867442166256296	1.5851197830455792	0.13523010791139523	{'salad': 'potato', 'soup': 'miso', 'carbohydrate': 'bread(roll)', 'main': 'fish', 'drink': 'orange', 'dessert': 'ice cream'}	45	neutral	scripted-Conceder	scripted-Atlas3	scripted	scripted	5.940256260052447	97	Lunch	case2
0.6434146890285356	0.6305999999999999	0.5608097637270668	1.8348244527556024	0.22754144097538842	{'salad': 'potato', 'soup': 'miso', 'carbohydrate': 'bread(roll)', 'main': 'pork', 'drink': 'orange', 'dessert': 'ice cream'}	45	neutral	scripted-Conceder	scripted-Atlas3	scripted	scripted	19.131613482849446	98	Lunch	case2
0.39497556641994946	0.7034	0.4867442166256296	1.5851197830455792	0.13523010791139523	{'salad': 'potato', 'soup': 'miso', 'carbohydrate': 'bread(roll)', 'main': 'fish', 'drink': 'orange', 'dessert': 'ice cream'}	51	neutral	scripted-Conceder	scripted-Atlas3	scripted	scripted	5.910256260052447	99	Lunch	case2
